{
  "version": 1,
  "author": "Mary Loftus",
  "editor": "wokwi",
  "parts": [
    { "type": "wokwi-arduino-uno", "id": "uno", "top": 0, "left": 0, "attrs": {} },
    { "type": "wokwi-potentiometer", "id": "pot1", "top": -135.7, "left": -115.4, "attrs": {} },
    { "type": "wokwi-led", "id": "led1", "top": 246, "left": 80.6, "attrs": { "color": "red" } }
  ],
  "connections": [
    [ "pot1:GND", "uno:GND.1", "black", [ "v0" ] ],
    [ "pot1:SIG", "uno:A0", "green", [ "v0" ] ],
    [ "led1:C", "uno:GND.2", "black", [ "v0" ] ],
    [ "led1:A", "uno:2", "green", [ "v0" ] ]
  ],
  "dependencies": {}
}